{
  "images": [
    {
      "size": "29x29",
      "scale": "1x",
      "idiom": "iphone"
    },
    {
      "size": "29x29",
      "scale": "2x",
      "idiom": "iphone"
    },
    {
      "size": "40x40",
      "scale": "2x",
      "idiom": "iphone"
    },
    {
      "filename": "Icon.png",
      "size": "57x57",
      "scale": "1x",
      "idiom": "iphone"
    },
    {
      "filename": "Icon@2x.png",
      "size": "57x57",
      "scale": "2x",
      "idiom": "iphone"
    },
    {
      "filename": "Icon60@2x.png",
      "size": "60x60",
      "scale": "2x",
      "idiom": "iphone"
    },
    {
      "size": "29x29",
      "scale": "1x",
      "idiom": "ipad"
    },
    {
      "size": "29x29",
      "scale": "2x",
      "idiom": "ipad"
    },
    {
      "size": "40x40",
      "scale": "1x",
      "idiom": "ipad"
    },
    {
      "size": "40x40",
      "scale": "2x",
      "idiom": "ipad"
    },
    {
      "size": "50x50",
      "scale": "1x",
      "idiom": "ipad"
    },
    {
      "size": "50x50",
      "scale": "2x",
      "idiom": "ipad"
    },
    {
      "size": "72x72",
      "scale": "1x",
      "idiom": "ipad"
    },
    {
      "size": "72x72",
      "scale": "2x",
      "idiom": "ipad"
    },
    {
      "size": "76x76",
      "scale": "1x",
      "idiom": "ipad"
    },
    {
      "size": "76x76",
      "scale": "2x",
      "idiom": "ipad"
    }
  ],
  "info": {
    "version": 1,
    "author": "xcode"
  }
}