{
  "images": [
    {
      "minimum-system-version": "7.0",
      "orientation": "portrait",
      "extent": "full-screen",
      "size": "640x960",
      "scale": "2x",
      "idiom": "iphone"
    },
    {
      "minimum-system-version": "7.0",
      "orientation": "portrait",
      "extent": "full-screen",
      "size": "640x1136",
      "subtype": "retina4",
      "scale": "2x",
      "idiom": "iphone"
    },
    {
      "minimum-system-version": "7.0",
      "orientation": "portrait",
      "extent": "full-screen",
      "size": "768x1024",
      "scale": "1x",
      "idiom": "ipad"
    },
    {
      "minimum-system-version": "7.0",
      "orientation": "portrait",
      "extent": "full-screen",
      "size": "1536x2048",
      "scale": "2x",
      "idiom": "ipad"
    },
    {
      "minimum-system-version": "7.0",
      "orientation": "landscape",
      "extent": "full-screen",
      "size": "1024x768",
      "scale": "1x",
      "idiom": "ipad"
    },
    {
      "minimum-system-version": "7.0",
      "orientation": "landscape",
      "extent": "full-screen",
      "size": "2048x1536",
      "scale": "2x",
      "idiom": "ipad"
    },
    {
      "orientation": "portrait",
      "extent": "full-screen",
      "filename": "launch-1.png",
      "size": "320x480",
      "scale": "1x",
      "idiom": "iphone"
    },
    {
      "orientation": "portrait",
      "extent": "full-screen",
      "filename": "launch@2x.png",
      "size": "640x960",
      "scale": "2x",
      "idiom": "iphone"
    },
    {
      "orientation": "portrait",
      "extent": "full-screen",
      "filename": "launchR4@2x-1.png",
      "size": "640x1136",
      "subtype": "retina4",
      "scale": "2x",
      "idiom": "iphone"
    },
    {
      "orientation": "portrait",
      "extent": "full-screen",
      "size": "768x1024",
      "scale": "1x",
      "idiom": "ipad"
    },
    {
      "orientation": "portrait",
      "extent": "full-screen",
      "size": "1536x2048",
      "scale": "2x",
      "idiom": "ipad"
    },
    {
      "orientation": "portrait",
      "extent": "to-status-bar",
      "size": "768x1004",
      "scale": "1x",
      "idiom": "ipad"
    },
    {
      "orientation": "portrait",
      "extent": "to-status-bar",
      "size": "1536x2008",
      "scale": "2x",
      "idiom": "ipad"
    },
    {
      "orientation": "landscape",
      "extent": "full-screen",
      "size": "1024x768",
      "scale": "1x",
      "idiom": "ipad"
    },
    {
      "orientation": "landscape",
      "extent": "full-screen",
      "size": "2048x1536",
      "scale": "2x",
      "idiom": "ipad"
    },
    {
      "orientation": "landscape",
      "extent": "to-status-bar",
      "size": "1024x748",
      "scale": "1x",
      "idiom": "ipad"
    },
    {
      "orientation": "landscape",
      "extent": "to-status-bar",
      "size": "2048x1496",
      "scale": "2x",
      "idiom": "ipad"
    }
  ],
  "info": {
    "version": 1,
    "author": "xcode"
  }
}