{
  "images": [
    {
      "filename": "Icon-29.png",
      "size": "29x29",
      "scale": "1x",
      "idiom": "iphone"
    },
    {
      "filename": "Icon-29@2x.png",
      "size": "29x29",
      "scale": "2x",
      "idiom": "iphone"
    },
    {
      "filename": "Icon-40@2x.png",
      "size": "40x40",
      "scale": "2x",
      "idiom": "iphone"
    },
    {
      "filename": "Icon-57.png",
      "size": "57x57",
      "scale": "1x",
      "idiom": "iphone"
    },
    {
      "filename": "Icon-57@2x copy.png",
      "size": "57x57",
      "scale": "2x",
      "idiom": "iphone"
    },
    {
      "filename": "Icon-60@2x copy.png",
      "size": "60x60",
      "scale": "2x",
      "idiom": "iphone"
    },
    {
      "filename": "Icon-29.png",
      "size": "29x29",
      "scale": "1x",
      "idiom": "ipad"
    },
    {
      "filename": "Icon-29@2x.png",
      "size": "29x29",
      "scale": "2x",
      "idiom": "ipad"
    },
    {
      "filename": "Icon-40.png",
      "size": "40x40",
      "scale": "1x",
      "idiom": "ipad"
    },
    {
      "filename": "Icon-40@2x.png",
      "size": "40x40",
      "scale": "2x",
      "idiom": "ipad"
    },
    {
      "filename": "Icon-50.png",
      "size": "50x50",
      "scale": "1x",
      "idiom": "ipad"
    },
    {
      "filename": "Icon-50@2x.png",
      "size": "50x50",
      "scale": "2x",
      "idiom": "ipad"
    },
    {
      "filename": "Icon-72.png",
      "size": "72x72",
      "scale": "1x",
      "idiom": "ipad"
    },
    {
      "filename": "Icon-72@2x.png",
      "size": "72x72",
      "scale": "2x",
      "idiom": "ipad"
    },
    {
      "filename": "Icon-76.png",
      "size": "76x76",
      "scale": "1x",
      "idiom": "ipad"
    },
    {
      "filename": "Icon-152@2x.png",
      "size": "76x76",
      "scale": "2x",
      "idiom": "ipad"
    }
  ],
  "info": {
    "version": 1,
    "author": "xcode"
  }
}